<?xml version="1.0"?>
<!--
  ~ Licensed to Apereo under one or more contributor license
  ~ agreements. See the NOTICE file distributed with this work
  ~ for additional information regarding copyright ownership.
  ~ Apereo licenses this file to you under the Apache License,
  ~ Version 2.0 (the "License"); you may not use this file
  ~ except in compliance with the License.  You may obtain a
  ~ copy of the License at the following location:
  ~
  ~   http://www.apache.org/licenses/LICENSE-2.0
  ~
  ~ Unless required by applicable law or agreed to in writing,
  ~ software distributed under the License is distributed on an
  ~ "AS IS" BASIS, WITHOUT WARRANTIES OR CONDITIONS OF ANY
  ~ KIND, either express or implied.  See the License for the
  ~ specific language governing permissions and limitations
  ~ under the License.
  -->

<!DOCTYPE Configure PUBLIC "-//Jetty//Configure//EN" "http://www.eclipse.org/jetty/configure_9_3.dtd">

<!-- ============================================================= -->
<!-- Base SSL configuration                                        -->
<!-- This configuration needs to be used together with 1 or more   -->
<!-- of jetty-https.xml or jetty-http2.xml                         -->
<!-- ============================================================= -->
<Configure id="Server" class="org.eclipse.jetty.server.Server">

  <New id="sslContextFactory" class="org.eclipse.jetty.util.ssl.SslContextFactory">
    <Set name="KeyStorePath"><Property name="jetty.ssl.keystore.path" default="/etc/cas/jetty/thekeystore" /></Set>
    <Set name="KeyStorePassword"><Property name="jetty.ssl.keystore.password" default="changeit" /></Set>
    <Set name="KeyManagerPassword"><Property name="jetty.ssl.keymanager.password" default="changeit" /></Set>
    <Set name="TrustStorePath"><Property name="jetty.ssl.truststore.path" default="/etc/cas/jetty/thekeystore" /></Set>
    <Set name="TrustStorePassword"><Property name="jetty.ssl.truststore.password" default="changeit" /></Set>
  </New>

  <Call name="addConnector">
    <Arg>
      <New class="org.eclipse.jetty.server.ServerConnector">
        <Arg name="server"><Ref refid="Server" /></Arg>
        <Arg name="acceptors" type="int"><Property name="http.acceptors" default="-1"/></Arg>
        <Arg name="selectors" type="int"><Property name="http.selectors" default="-1"/></Arg>
        <Arg name="factories">
          <Array type="org.eclipse.jetty.server.ConnectionFactory">
            <Item>
              <New class="org.eclipse.jetty.server.HttpConnectionFactory">
                <Arg name="config"><Ref refid="httpConfig" /></Arg>
              </New>
            </Item>
          </Array>
        </Arg>
        <Set name="host"><Property name="jetty.host" /></Set>
        <Set name="port"><Property name="jetty.port" default="8080" /></Set>
        <Set name="idleTimeout"><Property name="http.timeout" default="30000"/></Set>
        <Set name="soLingerTime"><Property name="http.soLingerTime" default="-1"/></Set>
        <Set name="acceptorPriorityDelta"><Property name="http.acceptorPriorityDelta" default="0"/></Set>
        <Set name="selectorPriorityDelta"><Property name="http.selectorPriorityDelta" default="0"/></Set>
        <Set name="acceptQueueSize"><Property name="http.acceptQueueSize" default="0"/></Set>
      </New>
    </Arg>
  </Call>

  <!-- =========================================================== -->
  <!-- Add a SSL Connector with no protocol factories              -->
  <!-- =========================================================== -->
  <Call  name="addConnector">
    <Arg>
      <New id="sslConnector" class="org.eclipse.jetty.server.ServerConnector">
        <Arg name="server"><Ref refid="Server" /></Arg>
        <Arg name="acceptors" type="int"><Property name="jetty.ssl.acceptors" deprecated="ssl.acceptors" default="-1"/></Arg>
        <Arg name="selectors" type="int"><Property name="jetty.ssl.selectors" deprecated="ssl.selectors" default="-1"/></Arg>
        <Arg name="factories">
          <Array type="org.eclipse.jetty.server.ConnectionFactory">
            <!-- uncomment to support proxy protocol
            <Item>
              <New class="org.eclipse.jetty.server.ProxyConnectionFactory"/>
            </Item>-->
          </Array>
        </Arg>

        <Set name="host"><Property name="jetty.ssl.host" deprecated="jetty.host" /></Set>
        <Set name="port"><Property name="jetty.ssl.port" deprecated="ssl.port" default="8443" /></Set>
        <Set name="idleTimeout"><Property name="jetty.ssl.idleTimeout" deprecated="ssl.timeout" default="30000"/></Set>
        <Set name="soLingerTime"><Property name="jetty.ssl.soLingerTime" deprecated="ssl.soLingerTime" default="-1"/></Set>
        <Set name="acceptorPriorityDelta"><Property name="jetty.ssl.acceptorPriorityDelta" deprecated="ssl.acceptorPriorityDelta" default="0"/></Set>
        <Set name="acceptQueueSize"><Property name="jetty.ssl.acceptQueueSize" deprecated="ssl.acceptQueueSize" default="0"/></Set>
      </New>
    </Arg>
  </Call>



  <!-- =========================================================== -->
  <!-- Create a TLS specific HttpConfiguration based on the        -->
  <!-- common HttpConfiguration defined in jetty.xml               -->
  <!-- Add a SecureRequestCustomizer to extract certificate and    -->
  <!-- session information                                         -->
  <!-- =========================================================== -->
  <New id="sslHttpConfig" class="org.eclipse.jetty.server.HttpConfiguration">
    <Arg><Ref refid="httpConfig"/></Arg>
    <Call name="addCustomizer">
      <Arg>
        <New class="org.eclipse.jetty.server.SecureRequestCustomizer">
          <Arg type="boolean"><Property name="jetty.ssl.sniHostCheck" default="true"/></Arg>
        </New>
      </Arg>
    </Call>
  </New>

</Configure>
